x1,x2,y
8.42298134299215,1.4361585614525256,1
5.518083685552517,8.325259673468075,0
-3.9194217887633505,0.722992793450214,3
-6.137162076443247,-9.758147971387844,2
8.275729339562712,-2.854448332823655,1
4.906868363701173,1.4920052803479198,1
-2.4663328280710224,-2.6430650269422666,3
-4.837519755023639,-9.543370976532218,2
-1.6580647546255975,-3.4828359083704106,3
-7.325784845383787,-8.846421123007797,2
-5.444472108908133,-10.89111963393037,2
7.372124780018035,1.068048876724357,1
9.368930395179062,1.9605555119048763,1
3.100425907362281,-2.780035002612518,3
8.437639384696464,7.367140032644519,0
-1.8281502015560522,-1.110200612908263,3
10.320704057539308,11.225314683891856,0
3.8810261726132222,7.361209492631539,0
6.735201427076205,-0.3461642528095772,1
10.050854287362666,8.887809708208238,0
7.590123852564171,2.807832961376907,1
8.069203414259494,3.460518107680348,1
11.04617103659305,3.02543160986843,1
-2.7125049623064195,-10.484116845876015,2
3.0173050222089115,-0.8451119743801863,3
-2.2843088566832432,-5.258483806554872,3
-6.410064916022652,-11.341325830276954,2
7.187597047275888,2.1303613249017337,1
-6.5375984145777295,-12.122846866446801,2
8.190575500250512,8.424769158816499,0
4.132049960507954,-1.618127741565683,3
11.65808490730237,9.661032785595264,0
5.368851426739059,-1.2840031621021162,1
7.978617169176612,8.001955733814533,0
9.095376740238006,0.14165227741560832,1
8.329847576804243,2.215829339659717,1
9.334988006496138,0.10631010599082669,1
7.748768152788319,1.3538261827823996,1
-4.248869529351462,-9.837483204157282,2
-8.281849058822356,-8.853513888061146,2
-2.1254553549716535,-6.598715283796434,2
6.671784248457616,0.7420235983200489,1
5.413988015169911,0.49614601135507463,1
-3.051126446518545,0.5540207185694435,3
6.871865967707748,-0.8897701678852505,1
-7.167850848399874,-7.626681926071673,2
-4.311765728077175,-4.809710121601129,3
-7.260686141459752,-6.066936851377585,2
-0.7669921238701877,-3.328152688678301,3
11.56164661641226,9.511116248571943,0
7.065357033227774,10.370103469995717,0
-3.24207089476492,-2.690480879978806,3
6.045664382331137,0.20852287872067227,1
6.856871108082314,0.24951112469850173,1
-7.541840604501587,-8.185692288620352,2
4.1456671717420726,10.548557762391567,0
-1.5613831152182187,-4.414670459414428,3
-5.407894338622859,-6.548631907324202,2
-1.349984994824459,-0.1456319566111688,3
-6.011373857139884,-11.216267304706095,2
-0.9286070401328126,-4.8611201190720665,3
-1.0396610509865134,-2.3688886730252903,3
-4.1572817558906365,-3.3651795571340424,3
-4.201204367436731,-1.149437768836655,3
0.25463748011027,-3.5630122164335214,3
3.7874909759875623,10.180895602517168,0
-5.12317569182982,-8.334299729695308,2
7.7241138504213325,6.6687777368132,0
7.12009162854706,10.218916098482085,0
7.668079654355301,9.278052923722075,0
5.101733761170294,13.203540477489598,0
7.511284916645535,1.630493163516015,1
3.3113691080770513,8.725407067539138,0
-4.158656694613511,-7.777019045362832,2
-2.1360072558339622,-3.340730539948205,3
-5.521252862705057,-0.7657439367739978,3
1.2435399768818405,-2.6705724904995396,3
-2.6327601500746454,-1.9769097565994063,3
8.068284418990558,11.263124600300774,0
-2.375625784522993,-5.504333314569762,3
9.56739039146404,-1.8297969475990694,1
6.612370659930249,1.3139139392531254,1
-2.312542771427319,0.602742215677563,3
-0.6636651816929513,-8.316097938509563,2
7.176454454872294,11.54242307216898,0
-3.196544939716074,-3.869569179999867,3
-1.6903827384832273,-2.974850470162829,3
12.558762490677454,11.67097581111489,0
-4.080850248615386,-7.919957559093392,2
5.470560225996522,1.5023453588079279,1
4.709046051256385,0.8785883024447481,1
6.163147068741647,10.554322358853163,0
9.16049334879465,-0.03655243814943454,1
10.844778130083618,9.818384494049232,0
11.65340540453628,11.955003056730003,0
-4.914686541531829,-10.476060462242415,2
-2.7379175117762884,-5.852566106777253,3
-6.070867452198445,-10.296325277057221,2
6.63223773333857,6.418971576290879,1
-0.36124919175734793,-0.35048300220384676,3
-1.7370143021860325,-12.17745188985164,2
-2.6739603271421997,-0.5799339638014946,3
8.472391967577552,9.711445690881645,0
8.65469350799121,7.503926098884929,0
9.118613685394983,-1.6757474265133099,1
-5.548951127230734,-9.621265016220688,2
4.878559246435753,8.104319162604167,0
6.971608656602899,6.857560259120181,0
-3.9038596667394874,-11.528917080774821,2
8.395309608652013,7.620416339182559,0
-5.034698752402586,-9.71890798219815,2
-6.520897507822797,-7.817984592007555,2
6.479868381494195,9.74712306597878,0
7.35215578279962,0.7003080017221701,1
8.326728231337123,7.068282024611706,0
-1.1815487220103174,-3.5385772286495785,3
8.139273212980369,1.649300443722782,1
-2.9931481725891977,-4.518540612163502,3
-3.980244509506366,-3.5840648889658384,3
2.678161775135564,11.67884620822935,0
-1.6453363891745036,-3.170663768233069,3
-6.2245321586838305,-13.628890108404484,2
7.725608820794363,1.8610191213628755,1
-4.968678786069847,-10.000365940797174,2
2.784817856717379,-3.5380219377638777,3
-1.3783307570480896,-1.373940291258552,3
10.075499154336299,4.161699970080118,1
-3.6912330225449113,-13.151590434166273,2
7.547074801563989,2.370802205928875,1
9.058243334533126,11.32365544922052,0
6.806614595090188,10.316096015136836,0
7.0412241611824955,1.8629278136461147,1
-1.4853186690027953,1.1991268772969441,3
-5.885210453167242,-6.740171294409604,2
-0.9502607431572978,-0.2265147440298081,3
6.450246515910835,7.815186619710236,0
-0.5752731922823283,-4.4715563264704805,3
6.154812935856179,12.397269349348191,0
-1.3262323590856635,-10.657044350983226,2
5.045732077825796,2.6863507228862047,1
6.942955060768026,-2.0937755107888933,1
10.353962839865401,0.8535556527478705,1
-4.740690600695971,-11.091352705488166,2
-4.139874051312814,-8.795380693462466,2
0.7682415590053906,-1.9818551374223319,3
0.4337708670510263,0.6583317732745457,3
9.082574730628753,-1.8650585742448542,1
9.103469177027545,2.3807945785109297,1
-2.4467412928476038,-0.41662500423172055,3
9.107953846361823,12.063802813310273,0
7.616568321853891,4.677247130894075,0
-1.535006752394813,-5.28441446173956,3
-3.1247552228046898,0.5170686684042995,3
-3.239109157448361,-9.669127846973929,2
-4.945433763448039,-8.880873440902517,2
-4.058990464801247,-0.9794134926878665,3
9.70412426897855,4.402596000418274,1
-5.735586595264852,-11.260257701780262,2
-5.483248237056119,-8.134804378116229,2
5.047753588559393,10.219296288629888,0
-6.989585405916575,-7.7889922622005265,2
-2.735698773827806,-5.646558633241182,3
7.0905469382821416,1.0969721473239917,1
7.847414767685477,-1.4423689429498516,1
-1.2323268680593993,-2.210346102528572,3
-6.089416820559094,-1.4711504847457741,3
10.872647967177816,11.383000661507781,0
11.288261434953002,0.21606727776295087,1
6.466948041133981,10.897495813475654,0
-4.9284099336743905,-4.562759883064504,2
-2.558493469435673,-4.029154118516927,3
-0.6443188622366246,-5.809141662730834,3
8.103373413096485,-2.58721502429031,1
-6.213365746273086,-9.354791568943783,2
6.83338854897166,2.844481077316772,1
-9.320031033681653,-7.014403961621572,2
5.64035596942697,-2.0843739052892234,1
7.1942798067686695,11.116018553579497,0
0.9957577482918349,-3.1606256923737623,3
4.732839056393003,9.209340820537669,0
0.6137650211719006,1.0060519504271892,3
-7.875150594509903,-8.577993854280912,2
8.89872089736628,1.1560278652683271,1
-3.8868077280339315,-0.8991452452635036,3
-0.5956443708312124,1.585598897233219,3
-1.3490607494622047,-1.10345795561718,3
8.012523145132464,0.9820618471760931,1
2.2275157432542123,-0.5618020160501787,3
10.192476782609138,8.140469436788525,0
-8.172902794665841,-8.685975651621572,2
10.353636319203133,8.927852034554991,0
-2.6433844696467075,-4.004598624812524,3
-7.501715509639233,-10.871711105389569,2
11.430877500188402,3.52890477873786,1
-2.5695252765200847,0.41729873473802837,3
-4.727815136932945,-9.473885678261624,2
-0.34283208875748783,-4.289091872739836,3
-6.199530850454383,-12.304691064114753,2
0.9065750289699577,0.8407761569550019,3
5.927801182954069,11.631192617317721,0
8.461043788024732,6.707479918739173,0
-4.775672323068434,-11.93760684081489,2
-4.364335597477734,1.0180052789887855,3
3.0356875687532776,12.340573716530628,0
7.324103818178591,8.433117921590847,0
4.26640807883496,6.983490503642043,0
-3.5405070870007314,-0.4911691467800374,3
-0.544524614689312,0.7143721075091909,3
-4.12798571568582,-6.169891390216922,2
-1.7649382822314026,-13.116968107086086,2
-5.041123792833071,-3.7539852491461314,3
-8.894061566848576,-10.720710383831582,2
-4.461907312641857,-8.029491644054756,2
7.261222136170265,8.626379889393036,0
5.321777166809852,4.432531849500631,1
-4.816590481366986,-9.38324310688465,2
4.983433235607118,0.5707908031677644,1
6.2468020108676185,11.231305323220342,0
5.738344334802152,5.398951296667878,0
-5.9123644236777855,-10.412258286236824,2
6.466769274693471,8.553691338203647,0
7.181697961635157,10.280018062537911,0
10.084231234033293,3.9308639149802582,1
10.064274321540115,9.236193165065,0
0.45409391307133085,0.9792617495764944,3
-7.792654176154816,-9.761711190133633,2
9.170446658218337,0.0546495796986034,1
7.6998864512349625,12.031674501021495,0
9.506550575080531,3.9102525400524533,1
-6.799126924462834,-10.339568164526161,2
-5.225614424308903,-8.024540526973274,2
-2.749022110510435,-7.109365783258099,2
-1.6323343074453884,-2.673035171596559,3
-1.5395098041815765,-4.652319259635689,3
6.280963464518732,-0.04761880688914977,1
0.5388456800999957,-1.6140407393408127,3
4.205029324537822,1.3627819661265,1
-2.8734175225632312,-8.972582681439818,2
6.735752189441145,5.69624964230008,0
8.230058709202403,0.594538941563402,1
-2.8761391853523253,-0.04565818089102924,3
7.531116683208618,9.734672432478847,0
-5.963736261870705,-12.686897693278782,2
-3.4144637429882954,-6.739639892614121,2
9.108412682133096,-0.6708402772129698,1
0.6519792687378514,-4.015847419414704,3
-0.921195716871198,1.3462228460067691,3
-8.275525298764968,-10.561708551536263,2
-6.784340086210055,-5.82358696553962,2
5.790096619643357,9.936332616266109,0
8.93982579371766,9.258995457646177,0
-4.755040003412612,-2.678203552591653,3
7.424151640432982,13.502685814739266,0
-1.2216551966090814,-3.927990888518414,3
-7.360075973496218,-6.658274863021015,2
-4.5595569429042095,-12.007492108034047,2
6.662580644517513,1.441287774893766,1
-5.57011301377424,-9.231252577484874,2
1.4879994959839822,1.9227953573115926,3
4.723270036101333,3.6677650839539853,0
8.379604076301892,7.918463527675709,0
1.0109168173311058,0.7275996309468584,3
8.610114096672527,6.484295119087697,0
-5.132847338784575,-10.364122371298787,2
-0.6358678402563966,0.8139302702020572,3
1.277320794751458,-1.666432923200749,3
-3.2029595336866583,-0.9205523275847949,3
-4.084980157772852,-1.7667068581961014,3
4.721782902896143,-1.3834529550261694,1
-5.562868867082916,-11.512414035012032,2
4.821647491645676,-0.6752278422947386,1
5.284632629968213,4.778187559153002,1
7.452907898027722,10.159943751445853,0
0.5847435458441335,-0.2649583420021979,3
-1.098514956904634,-1.3174677846908138,3
-2.100843691394741,-8.400265117921933,2
9.176313770217249,9.985570659746184,0
8.25529320927944,8.22220386162401,0
-4.17492177493764,-14.153954903215931,2
-2.849323857112883,-3.8012559278508418,3
-2.614257431768978,-11.397006513045614,2
-4.5704414385586665,-9.210374278709988,2
8.952262215242827,6.333325991737151,0
4.657149780059124,-3.1968839335025443,3
-6.814693881969999,-12.248431312874878,2
-5.0447268136638375,-8.7651931704296,2
-1.7145888747628169,-11.16634889082885,2
9.094925243086927,8.676807857531797,0
-3.104441386317969,-9.744761698939355,2
12.439531483996534,9.664632536922124,0
7.138519267528096,-2.729761298941121,1
-3.6005169803556956,-11.00430529559208,2
5.699453539565512,8.635700027032795,0
7.75473637586112,1.0925706417462488,1
-0.5601893016120056,-3.6930001005729007,3
9.751844728012294,1.090922496990567,1
-6.406330539826209,-11.304059459671075,2
6.325488766833022,6.590806921366233,0
9.773943378745912,1.95983871732389,1
6.926791120851304,10.145913547575244,0
8.896220371218503,6.969186297581263,0
-1.7158571259321658,-5.772470290358692,3
7.797463175258122,1.0517592855057034,1
-7.261276664965666,-9.737306661962016,2
-3.187584496878568,-0.675561794034115,3
5.3873902463593835,1.081007032074482,1
-6.1459682750495785,-10.153191345021352,2
-0.8652918648396232,-1.69800226046457,3
0.36774524127403097,-3.876445014562078,3
-7.800044803319776,-9.51771578970436,2
11.234506297299722,4.30980109724498,1
-8.08287690138978,-9.946314400725685,2
-4.461368647449007,-3.1124616779109546,3
10.320163883505677,2.0674989465923845,1
4.400115460274456,9.581421422285345,0
-5.9432378372186685,-11.178749445443266,2
-1.0649789992373444,-5.396382114301787,3
5.506195890283719,8.306492954759303,0
0.0625682454009504,-1.34309854581193,3
9.133949057752687,-0.6485580723354334,1
7.934795116216968,0.6518792182790587,1
-4.301772763740704,-1.5769838979543653,3
-3.1229458538413306,-0.7141352716404858,3
7.564738334319013,2.957226127942178,1
8.167110096013129,0.31037081521227405,1
3.555750594833288,1.6172872888057106,1
-2.1024127380298627,-5.961862237003724,3
8.600222061786884,7.389772695399433,0
7.494940052826246,-2.6047926748771855,1
6.283133017751644,-0.7052752213402367,1
-5.829408697796391,-3.7454136998771936,2
8.553376262261589,3.5836494657454114,1
9.885970270076513,7.556133462121326,0
3.582786624077459,11.328296847152368,0
2.2641017836311037,-0.5071099991286512,3
5.845665750695585,6.084311398660329,0
-1.4079381004568554,2.142164971860077,3
-6.029470378100662,-10.985874371982394,2
10.004127039785992,6.8750272515598505,0
-5.829782972367902,-10.800020743177189,2
-2.3522932242851162,-3.4236163158095736,3
-2.56890994490218,-2.92910551329989,3
8.412735876852242,1.5905583729555932,1
-0.6709797224189086,-7.277225785050844,3
9.414423770426957,1.5304290977661932,1
7.144574939818288,2.3114339246698763,1
3.6180966737563383,-1.3823726234416753,3
6.515579502932948,1.2702220829833673,1
-5.4677970165057,-6.727675861665278,2
-1.5099219257028629,-1.7682402766965646,3
-5.550879988651951,-10.689290727585243,2
5.843194671082262,6.651038411435808,0
6.283506706537975,7.639953867562541,0
-2.5833997117079375,-10.717538508123488,2
-2.231686928637504,-1.3897689293290334,3
6.1376936977927565,1.3820987338734856,1
-2.7658522047141245,-2.465516081761396,3
10.576522453692133,10.76474475927381,0
-8.45486823438087,-10.179122529624868,2
12.076885833243537,-3.544532982832739,1
5.345061759692298,-0.14212482105240276,1
7.527699412239762,9.222727129882822,0
8.593961655019829,7.384137181852851,0
-3.1568174240426665,-1.8525115158852914,3
-4.245320095974897,-5.789508828945573,2
-2.0400929674095423,-0.9364511061284961,3
-1.0748260550005329,-2.6088367048673335,3
-1.0036906203004154,-2.9912374231553223,3
10.751151980028592,0.7643871629884487,1
3.1038986140539073,-1.7128475791362778,3
7.410369886908125,8.313439238364207,0
-3.118748199488561,-2.477471918480529,3
5.316553881065284,1.8238091946362032,1
8.018163820840227,7.796363203855528,0
9.58746382971677,3.5628401241826317,1
6.0059164303546435,11.146698829975257,0
-3.121510938571529,-9.351743141043068,2
3.1023264564176936,-1.7685037230055691,1
-2.5124088796684876,-2.6329201629059336,3
-1.4247490007769552,-3.0542860563167333,3
10.298633625077386,8.660984223767528,0
7.321889335532613,8.918642919756824,0
5.779074247667412,3.117822843223314,1
3.1001274152308307,10.96863445130364,0
-7.757620622564981,-6.4318895230225,2
-3.753363807404882,-10.345075008258657,2
8.54940697607213,8.345608006252961,0
8.958353713377377,-5.724765735854389,1
-3.779569023201686,-9.580521053839584,2
6.711870915099206,7.787582713425967,0
7.755470535986462,8.685525191326972,0
-0.2733739968063822,-3.1789529328148993,3
7.101514718314264,4.562669818592589,1
10.65795128624103,-1.522595304114279,1
-3.6441864114735423,-9.211722858028027,2
-5.86554706223824,-10.830736304144988,2
-0.6398172322447803,0.637758416976236,3
-1.9259642579740759,-1.7790212267500836,3
7.736466347726076,8.608434473976532,0
-1.3397110046333902,-0.08217448212944811,3
-5.966273880753156,-8.80105811057272,2
7.772443628346119,9.372083028361283,0
7.00222496843372,3.411984018807677,1
11.359132927416645,2.2580988063820087,1
-2.114106187999446,-1.9866478377313115,3
-0.5653921678960524,-0.20703958518739762,3
8.655733220102503,8.056874222321836,0
-2.194582086605508,-4.913640826883948,3
-7.8987478341391615,-7.546046431514849,2
-5.342493923612077,-9.4784121035571,2
0.9974521548962887,-4.35040821388546,3
7.042782982573064,2.4039775677953026,1
7.342730596104733,8.287676336444784,0
-4.371374188236595,-8.286489791298521,2
8.078166330746077,3.036481580810192,1
7.991503694005129,4.354470304022425,0
-6.3922573707115955,-10.434798291709125,2
-1.3646708017508815,-0.356858132790264,3
10.614007379951564,-0.9689523312072339,1
12.499046366023684,1.6832098280363148,1
7.291771318033493,7.690723211395898,0
7.996307929026477,8.35746579754652,0
10.193852313893887,-0.5629617137287413,1
8.692104039654916,10.6861342881317,0
8.015320979808427,-1.2629105239443048,1
9.44387996795658,10.112795517644845,0
-8.411895889219615,-9.928188398631082,2
-4.3762236327148285,-10.347233236135244,2
8.470487417749426,1.1944702286043651,1
3.841117891769009,0.8526673653989266,1
-2.7151493213713933,-0.3913727064425314,3
4.841340376412728,0.7466393004270058,1
-6.457233155678452,-6.264963784705369,2
6.7182958328994244,-2.9460502744144392,1
7.673563061989013,-0.5535763221092083,1
-5.16812252873832,-11.27564179421618,2
6.315485987456436,-1.87370410413874,1
-2.6278876574253998,-3.0759910383783557,3
-3.152776469895528,-0.5361863216004976,3
1.198748520595057,11.649880257006416,0
11.334871494798914,9.737634061770454,0
-4.80198345400531,-1.1850309194757553,3
-1.9118228476512895,3.318406490944084,3
7.6394341044635885,8.105680159601935,0
-4.420038411173773,-8.453632211402843,2
4.721429610614635,-1.5493736482158154,1
7.660931193082322,13.124444096979936,0
-4.257193775867714,-6.467099272907653,2
8.378081828407376,1.149693300777645,1
7.4785128782063355,-2.6123371629296703,1
5.912909051789112,14.532583487661626,0
-1.4898960764338924,-6.361525390908806,2
-0.616363954148829,-3.9496025658349954,3
4.719057577057687,9.390075689344462,0
-5.3905994043663545,-4.573116004951074,2
-3.792430189086709,0.1978240554161541,3
-5.664708932537155,-10.63523607559105,2
7.33726599962674,8.953540786954328,0
-3.0070513182462437,-10.071517547313231,2
4.590169902907771,11.268667878661129,0
7.530993896277457,0.16793095983956968,1
5.7642639112763225,-0.3976793826275793,1
8.19030827331698,9.881729908747287,0
-1.9013765936120193,-3.1973974793308644,3
-3.6636981611031434,-6.006145264863371,2
8.85489679308624,-0.720685453035268,1
9.399395230273008,3.198424637493045,1
6.283137656074463,10.02324896823556,0
5.225041395287528,11.290699589745612,0
7.079877250610594,8.998386561335668,0
9.219827501900559,-0.47295344814575047,1
-1.857709830542435,-10.005961708405623,2
6.368870869883729,-0.9219523472315596,1
10.916266204183156,7.997844772476195,0
6.403959680269347,13.983682522174323,0
-4.260258712936532,-5.87933738685039,2
3.6741143230656883,1.7413978498982854,1
-1.54341438157945,-2.4648619811021253,3
-2.1572324219575654,-2.9085283269901088,3
6.033099046375051,-0.050922192338812455,1
-1.9181908487732673,-2.3613176363398116,3
10.518961555152746,1.6848012154266918,1
-3.4504082035073598,-11.662438002555986,2
8.129905792312188,11.820725791732164,0
-1.650259346131375,-1.3221674755562587,3
1.9677053100366795,0.0777146123945891,3
-2.70831199848773,-1.1210646183496138,3
-1.3278779241562189,-3.077537989028987,3
2.63957089918386,-4.464916818510613,3
-6.903280913940964,-8.54484781811543,2
8.181614086320677,7.466492065827425,0
-7.9459965170301965,-6.4176226401844385,2
-0.93042935684338,-4.479339986316155,3
7.563717463648723,1.3718140608959632,1
-7.779376639902337,-5.269385821700158,2
-7.7910233711783725,-11.278644221493629,2
6.040313020449521,10.119825406441791,0
-8.846041705933917,-8.396179229837642,2
9.571878650788719,-1.8808524728600053,1
5.945957064186197,12.225046909916816,0
-8.236094572709955,-9.6200490012109,2
0.427234547489143,0.6187133161889848,3
-5.091186811933977,-8.321581019655888,2
5.139507859971969,0.10013397665787405,1
-0.7267030471195552,-3.257085541432813,3
-6.73920246882993,-8.283772982362018,2
-6.0463889142416685,-13.243598940094184,2
-4.000330742112562,-0.9818657149666704,3
-0.15036005037323452,-2.6835226714914038,3
-5.302494512343289,-2.77821434973686,3
4.578757648042512,10.520884716061454,0
-3.742534920660643,-8.235716885008587,2
-7.872097389953574,-9.068325845769223,2
-3.584631034158138,-6.787095061588101,2
3.962299312674832,1.0099782657233,1
6.64724252778743,13.289147585700356,0
-3.7505363622185026,-8.557459904767382,2
10.058219948969183,-1.3046392644655918,1
8.71289625314289,9.755260749536058,0
5.849135508919385,1.678948863362999,1
6.640723353718632,2.165323157963765,1
10.073881051670405,2.640591090087894,1
-0.9796501346573736,-3.522778522524013,3
-4.141775729623138,-12.084118545621111,2
7.75597009185222,9.521912139089956,0
8.689917384180283,11.805588855479717,0
-6.997822535409489,-10.959192168907638,2
7.461584143203455,-1.8748349876745953,1
-2.0233316024212633,-2.9395848515878304,3
10.162325196064424,8.156907661704393,0
3.8518183327663906,8.991487802726493,0
5.167221823154383,-0.2217205393384517,1
7.674114008820018,8.563494664108475,0
7.920196629662758,3.532595068476469,1
6.657485727150658,0.45460264290808605,1
-4.258571596793251,-3.5221240667944285,3
9.721052874177035,1.2648136654174724,1
-7.1602946985637494,-9.201149705923891,2
5.481618536202498,1.2774020048174388,1
6.2138062485571615,0.1424639384984443,1
8.481635500496902,0.669599002858768,1
7.558177088157183,-0.6066232774571145,1
-5.299175753668585,-10.543861765955093,2
0.5778156579062068,-3.2214066524443616,3
7.70333161131247,9.38692560717572,0
-3.1344596253110653,-11.864790716277836,2
-8.299407352286988,-5.9773311060000704,2
3.4080257881933527,1.4767044575820014,1
-2.0199492685017484,-4.2935903934191995,3
8.987409328214339,10.25582217641544,0
6.36164585867149,7.925434413918577,0
-6.01997011963493,-11.528538642220107,2
-1.425891980303023,-2.6626658373753265,3
7.320819014587803,4.660132513475863,1
-1.490570968782717,-1.117968205051652,3
3.877859311386582,1.376363708686208,1
-0.4528138418803196,-0.633922952979842,3
-0.8718194369422344,-3.7354391864553618,3
13.504826196981398,-2.2981235622029677,1
-4.495135559279149,-9.693423075765557,2
-1.33049999008712,-3.2786317203493125,3
10.124944422009918,1.0741921771611074,1
9.496809416984918,13.816015793465889,0
1.1290429399264674,-1.2777275343617598,3
9.463673608747285,-2.525033463664633,1
4.687760273867976,1.15678265057435,1
-5.020933701987147,-11.862700403094365,2
6.403788170999409,11.272571112196202,0
9.050412478733145,8.78681973118909,0
-6.766304486454547,-8.638151728920548,2
-0.28182367415686116,-3.6996768838325123,3
10.413602133023609,-1.380569475836645,1
10.011085373150646,-2.7320179512356653,1
9.246243933648824,0.3891380451229376,1
-2.2072258914160203,-2.4490592142505325,3
6.547615876371056,-0.6468846497233416,1
7.969396399488277,1.9006755196534968,1
7.249381066589813,0.6627435967107058,1
8.417624891606227,7.041630912171685,0
5.698251236687735,7.482760332354587,0
8.901701425496162,9.655942200074314,0
-3.983112947810001,-8.72888822907408,2
10.15702039163616,9.646417830370106,0
10.924260392996164,13.77992582553091,0
-6.532839015094762,-7.87091458542001,2
-4.556529248580669,-5.910829679236965,2
-3.7067248835081132,-8.947877301355915,2
-3.007671384101739,-10.501834578997777,2
0.37394684962649904,-9.010535555580566,2
7.791954273326485,8.02514540227154,0
8.951196343091752,11.479775147461433,0
-6.389274224719282,-10.964193818046484,2
-6.047702480421801,-8.838245030914086,2
9.126224968718134,-0.3482135380332657,1
-1.9536487988006623,-0.8661911726603213,3
4.849321606223863,8.033360452148328,0
-3.2425032650310377,-2.0374339644099098,3
8.60032995876516,5.367079482165419,1
-0.17522614802217884,-2.77448720300767,3
-3.1703541219625593,-7.486784816306107,2
-3.5472404277542027,-8.81422527189069,2
-0.7541041711242451,0.5014881750744551,3
-6.8645621821234055,-8.284378733687614,2
7.347089357365269,4.501848403224288,0
9.802696730956363,7.978301288073984,0
-2.1882254649493413,-9.375240853569576,2
-1.1268718943404035,-5.350238534325835,3
9.761166009669388,3.010192027299882,1
7.156590294822017,-0.5798391551434763,1
-2.812328104826199,0.27930878684156113,3
-3.1527885416632455,-15.203985218903307,2
9.256014474979887,0.5648785805666956,1
6.039108585270044,-0.08961907855885654,1
7.362343851923063,10.078703487258958,0
1.0656910967761797,-3.828981749579897,3
-5.366643613713346,-11.476103337986668,2
7.471350378147425,7.527893202540703,0
-4.813008118858394,-10.249599668528443,2
-4.45986818827325,-10.368039858637408,2
-6.652617580279572,-10.8971003519673,2
8.23112279359213,10.550197973936772,0
5.411892824233876,-0.35923036428271593,1
-8.778789099630961,-10.158597157035208,2
8.554250339279527,9.033046619125253,0
6.4876480567723105,-2.2394932696970016,1
7.304341738122259,1.1712314847371426,1
-2.737064576089181,-6.991301436658043,2
7.3430513263426205,9.706794043959516,0
6.572169709829405,9.142068012932887,0
-0.14724392370817685,0.5751361778423543,3
-8.139933760735843,-9.198599064254298,2
4.582316593899464,7.241665202903177,0
7.864217128429859,10.005840255434695,0
-4.7868126813002085,-11.482814109691011,2
7.735186107496167,10.767233611888361,0
-3.9102483234805,-2.4601817079634603,3
4.587937720272102,9.355078785088399,0
7.965345004929251,0.13475758043932035,1
-4.305191290587358,-3.3895134853423743,3
4.275007705326762,-1.6356455380915462,1
3.911395207941623,6.062126613525279,0
7.6374789894095025,14.343308846616212,0
-1.0156181656168093,-2.39268221946755,3
2.557810060255913,2.771320153283894,1
7.070351039274392,12.595594125528736,0
7.9409372470137995,8.144087317711323,0
-5.163943255986337,-12.815278527526878,2
-2.932780678120128,-3.758622320840693,3
8.995107089544566,12.324573116046128,0
-4.895569856854849,-11.098286509549583,2
-9.8946710223318,-8.595696684293934,2
-0.9467338411130621,-5.416129183571302,3
4.796249510698944,0.3014422133176988,1
5.963012835926424,13.442747534646676,0
7.55926360716868,11.056167599936822,0
-7.88777695707174,-7.313413934213596,2
-0.47390147608191246,-4.961633631313893,3
8.365361007047452,2.407083586424755,1
2.0718403258196516,-4.901797646407129,3
9.207862382975351,1.8709301877382967,1
-4.878866462652638,-10.502580109218993,2
9.158236549233715,10.596878718240532,0
0.13618259929067,-0.5997728072140576,3
-9.349885139379499,-12.636298036540726,2
8.552561395827881,1.7116476548288728,1
9.764383404913918,11.50268603651347,0
8.90558077874909,-0.5978240768688237,1
3.6269354051211598,1.699244601679318,1
10.049311799163359,7.379380119581294,0
-3.926022474019869,-12.93562882653127,2
1.0563848409843901,-1.6983276366469955,3
7.369369029353485,7.80840969272547,0
-5.312692210215571,-10.018767726690626,2
0.9052741714835575,-2.1477058330718,3
-0.03925871074995335,-11.294629025008353,2
-2.665073750788606,-2.4575526661244185,3
-1.5428388640289414,-1.1622221760847524,3
-2.462146597132857,-8.976775358989277,2
10.15133619652173,14.433526943264084,0
6.447461127781372,9.027678969746857,0
9.10741279698986,10.695167809034313,0
-5.840531838684877,-10.0981309818912,2
10.175759928063913,12.153829984624387,0
8.339185446813481,-2.0770674012499404,1
4.826836844445005,1.949418673378152,1
10.255373842083461,0.1470241978779146,1
-1.868087213994323,-1.3578504482037719,3
7.463875717033031,11.907023791733643,0
-7.159102168423392,-7.052940085607598,2
7.015631962553221,5.599324171092507,0
4.5882136798403,1.5682932930735005,1
6.636242808019867,-1.4736044581049956,1
8.392642556205368,0.4817024745873244,1
6.987830803024259,-0.8583044368882535,1
-1.9607442661767789,-1.0350408906266766,3
-6.82568830769892,-9.220586973843952,2
4.050155646865456,-0.5470564330965875,1
3.530476207939347,8.716876619352785,0
-6.8778178808200225,-10.607728228003246,2
6.81981623770331,3.122134030204953,1
8.827275079822064,0.25975972361313254,1
7.605308592001237,-0.5900509376913234,1
9.790313812687714,2.706264012571418,1
6.8968832483211555,2.7732111961177135,1
8.00803154979616,9.75392379172418,0
4.962179382594879,0.8683507894092292,1
-2.5427395555777146,-3.0095520160054803,3
7.901655878383804,-0.04613637693308492,1
0.5020634488608913,-1.462940361920035,3
4.794736568880145,-1.2895199273415825,1
8.298554800012084,12.508577035570703,0
-6.369045262645114,-8.479515427398992,2
4.7772652518611345,0.9217560751588938,1
9.407050285030653,8.543099882448853,0
-5.82108303221759,-9.069662135696955,2
4.1766078461888005,8.40373135648806,0
5.926367407708575,2.1089358539393555,1
6.492498352383302,-1.6971021670285902,1
7.613558322390868,8.625398267435838,0
-2.376166959792928,-12.89993276670613,2
6.690984826838939,6.2577416824126555,0
-5.4220275412905306,-10.521391234717779,2
3.060735138974972,-0.7757401589785811,1
8.543402148469948,9.696954531353024,0
-3.146688312089454,0.7681218362176598,3
5.339288914115016,-0.649938477169389,1
8.868301511990623,1.1201148378501955,1
-0.8707709455275632,-9.15540528332523,2
9.860479981363847,3.2544777416766886,1
-3.4048173210495336,-3.3211838088555057,3
-0.19481724028088565,-1.4458436266050207,3
7.038445992682348,3.510141863333492,1
4.748333271071257,7.096066652447684,0
4.480691410989124,12.376199202580427,0
7.031970170840777,1.630979921196375,1
-1.8484830383614594,-4.771070516295353,3
3.898907652622171,2.12093322219841,1
-1.2244834027723748,-7.9707328944310625,2
-6.3279971701417566,-12.44963522018002,2
-3.3264005689206453,-9.568893801319206,2
8.768943970996363,0.8289391954811001,1
-5.574726022966185,-10.099068530310735,2
7.822668746389628,7.102531812207205,0
3.6395339849378834,-1.8255764395170004,3
-3.6225639116357224,-1.2240422696945665,3
-3.2476743077999117,-12.705788431625361,2
8.536149224659804,10.967533338454771,0
-2.008861804271196,-0.5806970454319731,3
-1.5597759198727,-3.1657479629157548,3
8.219454550305896,11.210394795758809,0
-0.033146668760470455,-2.5005466825222227,3
7.379059561166422,7.9859071682670955,0
0.13934131169740582,-3.5567386971065633,3
5.500726426736733,8.288185674617168,0
7.1118196937279645,2.037404039866577,1
10.733189112896167,8.925334967718863,0
9.91824177362471,0.41609783329592875,1
-2.8828077411680937,-4.411674395252836,3
6.856439056408421,10.126761031001683,0
10.244576607415405,9.673267602722014,0
-0.7817585759471338,-3.9321265826005707,3
-1.284868389441724,1.2217743358914448,3
-9.55211688975956,-12.295474065543708,2
-6.721872307038723,-12.758325599502648,2
-8.349615850696054,-10.673439993926682,2
-0.9792830838358828,-2.0808764885007403,3
-3.6118261571081027,-2.891093409648569,3
-3.8060714455477394,-9.889759711233859,2
-1.9648894890206046,-0.3652957207558465,3
6.128582537022945,10.911423290423826,0
12.41361000517374,9.077100082063746,0
7.096957831962985,2.5413019730083675,1
6.931277916207663,9.075921859408517,0
4.0763649817799426,3.0405281036883176,1
-4.212747837947871,-9.574113739753441,2
-5.7572190756209105,-5.289547955034431,2
6.585309947640938,0.9275338999956322,1
4.813908258782671,0.45409893842800453,1
8.94353152653237,-1.558687287684302,1
4.919411207486172,7.024925826681157,0
-1.1886854587651192,-2.518973279515583,3
6.396797940124882,-0.6335155426722934,1
4.639273912041108,-3.076762357594295,3
4.940299253093548,-1.1636225672502027,1
7.8913562467944525,10.791376469358498,0
-0.9554199891178725,-3.2727723370625634,3
-3.983568120803374,-9.772793932772629,2
-3.044675588634374,-0.9439190254002927,3
-3.423953101966507,-1.6798072675803606,3
-4.657435015024703,-10.117141186571894,2
8.011194794889963,-1.022849669702079,1
-3.3067841144295387,-10.181079003060518,2
7.955334604356511,-0.1272841787952017,1
0.7488641908710476,0.1229660038716962,3
4.4155236564562195,11.644553398999651,0
10.781324420865303,9.408668310343488,0
9.982985874132318,11.323020309882244,0
6.3159900525356765,7.841872604331714,0
9.214154064610721,4.212502919862576,1
7.116523750162801,1.154335214222404,1
13.005800504272834,1.526498631110555,1
-7.433719964780538,-9.597674305507251,2
5.5417903677704,8.67025982555192,0
7.148333923127064,1.550767780102245,1
-4.438691848886288,-8.353291469871898,2
-2.751991507426503,-3.553476576829026,3
9.13393086463265,9.957069195011965,0
0.5171744698887779,0.28358832027192893,3
-4.50604712846679,-6.243674933343032,2
6.8316783596122095,9.68706545340412,0
-4.905475461639016,-7.137137031977463,2
-3.4015298380909793,-7.45952797176645,2
10.834260054095475,2.4112215678184583,1
-7.36755439862716,-9.640242565488066,2
-1.6534966302237706,-0.5797854821761672,3
-4.564759576104304,-7.46799865753048,2
-4.076780162676343,-8.855972050577662,2
0.8102812214050732,-0.6302018006524666,3
-5.35409008237777,-10.20389742961753,2
1.4983543991579804,0.05663896303533367,3
8.344450759196606,9.189247340285673,0
-0.30970265229544114,-3.4305675812297167,3
-1.9929737954766473,0.7672909279497144,3
-4.631859165823426,-3.948006912970433,2
-7.033181191429789,-9.312380384002063,2
-6.764850423556108,-12.54398198804999,2
1.7388488974692455,-1.338287323013163,3
-6.704053325778923,-9.205145754539116,2
-0.22813909349732753,-4.020346868874515,3
-8.81546370104723,-11.225380994339348,2
-7.024550161452459,-10.285999585167563,2
11.338473544397647,6.82102872279015,0
-3.775242354492424,-1.9324939124670084,3
-3.3298258909672764,-5.177344686219065,3
-3.0393835397205025,-11.550666467857416,2
-8.389136216220688,-7.795663194833033,2
-2.0027104844557058,-2.1042283169319225,3
-4.923501592740165,-10.162277966813,2
-1.7816687633811816,-0.5153068129231364,3
9.969602419764362,-0.47014454079512125,1
-7.006632984897667,-8.781210582247965,2
-0.2653905325364114,-6.998799873151218,2
7.954828489896882,-0.6283125805396228,1
2.875604907431997,14.190481863101722,0
5.180961473421984,9.253541573514022,0
9.661040408856898,9.519028121161233,0
1.47303156085492,-0.9494644266679946,3
8.909505862679183,11.809771446753775,0
-0.6244820776957903,-2.181728044707933,3
-5.765876682722485,-9.27640140294739,2
-0.2769381263920767,-1.5826852589565044,3
5.536053394121261,-0.7437678344210563,1
10.417460243640182,7.443620527785237,0
4.9400468007144624,8.567141702059946,0
8.99587507312723,2.2593091331906967,1
6.943340649412689,-1.9352673603309198,1
10.437882941469788,-0.04042492446637069,1
-5.836927894960158,-12.40354548413505,2
9.187684274197071,8.90923526544747,0
-1.0873537863925966,-1.2432859687160844,3
8.228006576843052,4.804160901232769,1
-5.521240319183592,-7.892908309096904,2
8.53952455586785,11.703094229166073,0
-2.26502129272537,-8.838695138085786,2
-2.4387076524234144,-0.5800945119794443,3
2.6395811414664703,10.787206545284075,0
-5.232205665504507,-12.331633760084227,2
-6.429947136015407,-7.467430696908937,2
6.820633019397042,13.138450517538285,0
-7.777870360496625,-6.384379683693089,2
7.725587359129008,12.268526441105752,0
5.64779606160484,8.325051518283537,0
3.4658971365631355,2.1747908145500583,1
11.811639010655265,0.4986371523134113,1
-6.570183310501432,-5.350890174555881,2
0.06754092552138902,-0.6159107044327576,3
-4.2857416029616395,-3.797105876325399,3
-3.858986529999327,-8.83078334638738,2
-3.161272208570475,-11.626075029505166,2
3.9655178202711436,8.244630748380098,0
1.574667417265354,-2.7864684681242924,3
1.3709247012477466,0.6702525429172037,3
8.707266344345099,1.6651750671957446,1
7.68777748054339,9.801771400332415,0
-1.2370533897536566,-2.673699855996289,3
5.240350312806329,12.357253478407719,0
3.073680855087172,-2.500078333677063,3
6.828070034476016,6.981707778702127,0
-5.901287951151862,-6.735960135143857,2
6.734924888172481,-0.22031897988560234,1
-6.547891880534497,-8.161126045683831,2
8.938238407180892,-1.351679194302953,1
0.18504256099262073,-2.342226618150145,3
-5.098954096095991,-2.6409170339420256,3
6.312989729116842,11.85516477723242,0
4.13794978648904,-1.3069141911647302,1
-4.5314362434209565,-9.960883191380496,2
6.614973253446485,-0.2722903612959454,1
-8.355665351664241,-11.512780499373536,2
0.26497147527674514,-1.924324733889335,1
7.052074774837138,3.0670660169305157,1
-1.0868939578319396,-0.329609981165512,3
8.937735133966397,14.656699105503014,0
-7.767593015048773,-12.709630029886139,2
7.15729786300328,10.47251336903129,0
-5.99066922809684,-7.674407993626071,2
5.838407442371392,8.327043551089776,0
2.2372603011812258,-0.7798410372073403,3
-0.6486246416547449,-5.239144013943381,3
0.6453018766186931,-3.934163092132305,3
-2.8894505555306873,-3.9801536239951414,2
-1.526139491997057,-1.9103017953802068,3
9.88497397200468,2.0600042392230655,1
9.339786358678698,-1.7703182840754983,1
2.0963464946485306,9.330331942858644,0
-1.1641642103013377,-3.0920785603789644,3
8.001276511828202,9.593073896274124,0
5.208574624932483,0.26619793527740776,1
6.463647055106464,1.6753168045364661,1
-5.023858218691411,-6.283003966719832,2
10.5180950093098,10.09188495342935,0
-5.333421056451325,-10.442868551107443,2
-1.153454219365637,-2.060471981222095,3
-6.886279503449716,-9.029656958428303,2
9.73540647620765,7.282364531082948,0
-4.065132795404736,-6.0715072650654545,2
7.105911855151684,5.871182733816742,0
7.28681295090234,5.269542611132049,1
9.36613208197738,3.5138296769309303,1
-7.277954150345289,-11.608934669093891,2
9.118699218982508,8.007069823849955,0
-3.7643500088014674,-8.756934700919853,2
9.560958780519481,1.165166185175579,1
5.088956681076037,8.072914376059488,0
6.57162208073278,11.621951813452931,0
-8.594087970772632,-9.154144897701197,2
8.47788246939528,4.161447214522708,1
3.7289893386322572,5.812587184131102,0
-2.470975288261858,-1.1123183959893765,3
10.083811708313434,-1.208326599858354,1
-0.649111983252883,-0.5220240622023811,3
6.202117608622844,0.19121152365508004,1
5.221934454734047,8.042742317250429,0
-4.751925754286491,-13.41075835275182,2
7.1015577751442125,1.5490769270847948,1
7.820307827939542,-1.6156987416826292,1
7.912337975932839,2.8574028766310646,1
-5.21532583952927,-9.921259742331527,2
0.4319378562602516,0.19791386258848442,3
11.88114700806523,9.305424700268116,0
1.6874129419177426,-1.4805344399791462,3
5.599891341497403,9.539833564451534,0
7.0648368517720685,0.2421035636080855,1
1.0487518985854436,0.5813180186104203,3
-4.350282782207858,-1.4565834845662375,3
-3.659345999695198,-14.277819815091025,2
-7.793365842482723,-8.052203197077745,2
-8.021532876158576,-12.757623530464084,2
1.9138409735487927,-1.2359351451601042,3
-6.145695084277078,-9.663943217484977,2
-0.7226292131609411,-2.9749933851155674,3
10.169937349491091,1.6528414559324596,1
5.240558127200249,1.0661595207940913,1
-1.7453493706632892,-4.11878661785457,3
7.1269505977155685,1.7827098283826688,1
-5.299440642556738,-8.262490939956209,2
7.613665088205972,0.21243153965820277,1
6.063469232437884,2.5203679346999492,1
-2.053788478669102,-1.5886844783425285,3
8.138634511114036,10.120412032305174,0
6.9000625940863785,9.267626585553739,0
5.128766252956006,1.277583009622016,1
-0.5598911882166607,-2.6929461459464945,3
-5.384156089451375,-9.58149652393672,2
5.517769665639532,-2.7106298615871034,1
6.399646360504757,1.0622305085585082,1
3.4733609415943665,1.3861003770440083,3
6.311326972302943,7.554727200918947,0
-9.479576770999408,-9.50231895624869,2
10.1314548038441,7.715657162396388,0
6.8454587112826335,10.667246824710508,0
7.56068001696618,10.911338508757272,0
6.973315778801475,6.7600750236076586,0
-0.19745255149683016,-0.08247736591781574,3
-5.313855843960523,-9.181073956607314,2
6.3940459710159825,6.417681417925573,0
10.221028581220674,1.2581468036458492,1
-6.017051423820291,-12.184283049328604,2
7.518238142137752,12.647033858290404,0
-4.329382864144852,-8.131684196914703,2
-1.746086985658101,-3.464487544134893,3
0.3673942234845997,1.6442922376556122,3
7.337710244189785,11.476035484279684,0
-3.448175596392364,-1.6383467029951428,3
7.7617176099529,2.9632286342849676,1
3.0874470796418745,8.498669126829899,0
6.283940614343295,9.081206121449343,0
-7.2057897439789365,-12.282034889964446,2
9.532401165556337,8.872143847951095,0
-8.247883511095244,-8.342789468266627,2
